date,channel,spend,impressions,clicks,leads,sales,revenue,cpc,cpl,cpa,roas,ctr,lead_rate,close_rate
2025-06-26,facebook_ads,127.62,20319,616,6,0,0.0,0.20717532467532468,21.27,,0.0,0.03031645258132782,0.00974025974025974,0.0
2025-06-26,google_ads,142.09,25571,508,26,3,363.82,0.2797047244094488,5.465,47.36333333333334,2.56048983038919,0.01986625474169958,0.051181102362204724,0.11538461538461539
2025-06-26,organic,11.69,2601,62,4,0,0.0,0.18854838709677418,2.9225,,0.0,0.023836985774702037,0.06451612903225806,0.0
2025-06-27,facebook_ads,102.98,18354,604,15,1,93.65,0.17049668874172186,6.865333333333334,102.98,0.909399883472519,0.032908357851149615,0.024834437086092714,0.06666666666666667
2025-06-27,google_ads,160.32,23613,920,36,3,348.48,0.17426086956521739,4.453333333333333,53.44,2.173652694610779,0.03896158895523652,0.0391304347826087,0.08333333333333333
2025-06-27,organic,28.22,2201,74,4,0,0.0,0.38135135135135134,7.055,,0.0,0.033621081326669695,0.05405405405405406,0.0
2025-06-28,facebook_ads,103.36,33320,574,22,2,193.58,0.18006968641114982,4.698181818181818,51.68,1.8728715170278638,0.017226890756302522,0.03832752613240418,0.09090909090909091
2025-06-28,google_ads,151.69,27940,854,35,3,310.83,0.17762295081967214,4.334,50.56333333333333,2.049113323224998,0.030565497494631354,0.040983606557377046,0.08571428571428572
2025-06-28,organic,0.0,848,51,3,0,0.0,0.0,0.0,,,0.060141509433962265,0.058823529411764705,0.0
2025-06-29,facebook_ads,124.07,35765,634,16,1,98.58,0.19569400630914827,7.754375,124.07,0.7945514628838559,0.017726827904375787,0.025236593059936908,0.0625
2025-06-29,google_ads,145.22,78251,772,38,4,467.62,0.18810880829015544,3.821578947368421,36.305,3.2200798788045724,0.009865688617397861,0.04922279792746114,0.10526315789473684
2025-06-29,organic,0.0,1971,118,6,0,0.0,0.0,0.0,,,0.059868087265347536,0.05084745762711865,0.0
2025-06-30,facebook_ads,110.92,16022,365,9,0,0.0,0.3038904109589041,12.324444444444445,,0.0,0.022781175883160653,0.024657534246575342,0.0
2025-06-30,google_ads,161.16,41873,739,32,2,191.06,0.2180784844384303,5.03625,80.58,1.185529908165798,0.01764860411243522,0.04330175913396482,0.0625
2025-06-30,organic,0.0,1825,136,6,0,0.0,0.0,0.0,,,0.07452054794520548,0.04411764705882353,0.0
2025-07-01,facebook_ads,111.09,32911,550,11,1,98.4,0.20198181818181818,10.09909090909091,111.09,0.8857682959762355,0.016711737716872777,0.02,0.09090909090909091
2025-07-01,google_ads,106.82,34049,465,14,1,104.71,0.22972043010752688,7.63,106.82,0.9802471447294514,0.013656788745631296,0.030107526881720432,0.07142857142857142
2025-07-01,organic,5.82,1576,93,4,0,0.0,0.06258064516129033,1.455,,0.0,0.05901015228426396,0.043010752688172046,0.0
2025-07-02,facebook_ads,153.98,60129,680,12,1,80.73,0.22644117647058823,12.831666666666665,153.98,0.5242888686842447,0.01130901894260673,0.01764705882352941,0.08333333333333333
2025-07-02,google_ads,140.25,72969,637,19,1,113.14,0.22017268445839874,7.381578947368421,140.25,0.8067023172905526,0.0087297345448067,0.029827315541601257,0.05263157894736842
2025-07-02,organic,20.95,2818,215,10,0,0.0,0.09744186046511627,2.0949999999999998,,0.0,0.07629524485450674,0.046511627906976744,0.0
2025-07-03,facebook_ads,99.68,52234,454,18,1,88.41,0.21955947136563878,5.537777777777778,99.68,0.8869382022471909,0.008691656775280469,0.039647577092511016,0.05555555555555555
2025-07-03,google_ads,124.11,26353,448,21,3,333.91,0.27703125,5.91,41.37,2.6904359036338734,0.01699996205365613,0.046875,0.14285714285714285
2025-07-03,organic,24.57,4225,94,4,0,0.0,0.26138297872340427,6.1425,,0.0,0.022248520710059172,0.0425531914893617,0.0
2025-07-04,facebook_ads,140.96,37089,642,18,1,83.45,0.21956386292834892,7.831111111111111,140.96,0.5920119182746878,0.017309714470597752,0.028037383177570093,0.05555555555555555
2025-07-04,google_ads,161.15,13406,533,24,3,334.8,0.3023452157598499,6.714583333333334,53.71666666666667,2.0775674837108284,0.039758317171415786,0.0450281425891182,0.125
2025-07-04,organic,0.0,2335,91,5,0,0.0,0.0,0.0,,,0.03897216274089936,0.054945054945054944,0.0
2025-07-05,facebook_ads,130.72,18642,708,11,1,107.24,0.1846327683615819,11.883636363636363,130.72,0.8203794369645042,0.03797875764402961,0.015536723163841809,0.09090909090909091
2025-07-05,google_ads,145.51,17562,632,37,3,349.3,0.23023734177215188,3.9327027027027026,48.50333333333333,2.4005223008727925,0.035986789659492084,0.058544303797468354,0.08108108108108109
2025-07-05,organic,0.0,3143,90,5,0,0.0,0.0,0.0,,,0.028635062042634427,0.05555555555555555,0.0
2025-07-06,facebook_ads,136.1,17043,515,9,0,0.0,0.26427184466019416,15.122222222222222,,0.0,0.030217684679927245,0.017475728155339806,0.0
2025-07-06,google_ads,172.9,77340,925,46,5,533.62,0.18691891891891893,3.758695652173913,34.58,3.086292654713707,0.011960175846909749,0.04972972972972973,0.10869565217391304
2025-07-06,organic,25.07,4894,182,9,1,97.42,0.13774725274725275,2.785555555555556,25.07,3.885919425608297,0.037188393951777685,0.04945054945054945,0.1111111111111111
2025-07-07,facebook_ads,124.41,22044,472,26,3,244.4,0.26358050847457626,4.785,41.47,1.9644723092998957,0.021411722010524405,0.05508474576271186,0.11538461538461539
2025-07-07,google_ads,142.82,75022,643,36,3,310.38,0.22211508553654744,3.967222222222222,47.60666666666666,2.1732250385100125,0.008570819226360268,0.05598755832037325,0.08333333333333333
2025-07-07,organic,0.0,1650,93,5,0,0.0,0.0,0.0,,,0.056363636363636366,0.053763440860215055,0.0
2025-07-08,facebook_ads,76.06,28061,437,8,1,119.05,0.17405034324942792,9.5075,76.06,1.5652116749934262,0.015573215494814868,0.018306636155606407,0.125
2025-07-08,google_ads,120.71,17883,615,21,2,235.55,0.19627642276422763,5.748095238095238,60.355,1.9513710545936545,0.03439020298607616,0.03414634146341464,0.09523809523809523
2025-07-08,organic,10.87,1485,40,2,0,0.0,0.27175,5.435,,0.0,0.026936026936026935,0.05,0.0
2025-07-09,facebook_ads,106.12,27577,568,19,1,90.0,0.18683098591549296,5.585263157894737,106.12,0.8480964945344892,0.020596874206766508,0.03345070422535211,0.05263157894736842
2025-07-09,google_ads,131.96,29536,472,28,3,307.11,0.2795762711864407,4.7128571428571435,43.98666666666667,2.3272961503485905,0.015980498374864573,0.059322033898305086,0.10714285714285714
2025-07-09,organic,0.0,5320,123,7,0,0.0,0.0,0.0,,,0.0231203007518797,0.056910569105691054,0.0
2025-07-10,facebook_ads,131.36,23130,762,23,2,177.93,0.17238845144356957,5.711304347826087,65.68,1.3545219244823385,0.032944228274967575,0.030183727034120734,0.08695652173913043
2025-07-10,google_ads,143.7,32705,746,31,3,338.88,0.192627345844504,4.635483870967741,47.9,2.358246346555324,0.022809967894817307,0.04155495978552279,0.0967741935483871
2025-07-10,organic,0.0,1932,87,6,0,0.0,0.0,0.0,,,0.04503105590062112,0.06896551724137931,0.0
2025-07-11,facebook_ads,111.79,25999,455,19,2,214.65,0.2456923076923077,5.883684210526316,55.895,1.9201180785401197,0.017500673102811646,0.041758241758241756,0.10526315789473684
2025-07-11,google_ads,179.44,32441,937,49,5,553.33,0.19150480256136607,3.6620408163265306,35.888,3.0836491306286224,0.02888320335378071,0.052294557097118465,0.10204081632653061
2025-07-11,organic,0.0,3515,113,7,0,0.0,0.0,0.0,,,0.032147937411095305,0.061946902654867256,0.0
2025-07-12,facebook_ads,138.77,20184,766,22,1,84.82,0.18116187989556137,6.3077272727272735,138.77,0.6112272104921812,0.037950852160126836,0.028720626631853787,0.045454545454545456
2025-07-12,google_ads,187.78,26023,996,45,4,413.15,0.18853413654618473,4.172888888888889,46.945,2.2001810629460006,0.038273834684701996,0.045180722891566265,0.08888888888888889
2025-07-12,organic,7.8,1292,62,3,0,0.0,0.12580645161290321,2.6,,0.0,0.047987616099071206,0.04838709677419355,0.0
2025-07-13,facebook_ads,160.41,65756,778,11,1,93.68,0.20618251928020565,14.582727272727272,160.41,0.5840034910541737,0.011831619928219479,0.014138817480719794,0.09090909090909091
2025-07-13,google_ads,171.16,51508,962,45,5,563.52,0.17792099792099791,3.8035555555555556,34.232,3.2923580275765367,0.018676710413916286,0.04677754677754678,0.1111111111111111
2025-07-13,organic,0.0,2410,71,4,0,0.0,0.0,0.0,,,0.02946058091286307,0.056338028169014086,0.0
2025-07-14,facebook_ads,116.87,15596,592,18,2,180.23,0.19741554054054056,6.492777777777778,58.435,1.5421408402498502,0.03795845088484227,0.030405405405405407,0.1111111111111111
2025-07-14,google_ads,183.22,85062,1003,68,7,629.75,0.18267198404785642,2.6944117647058823,26.174285714285713,3.437124768038424,0.011791399214690461,0.06779661016949153,0.10294117647058823
2025-07-14,organic,40.11,4507,213,9,1,78.99,0.18830985915492957,4.456666666666667,40.11,1.969334330590875,0.04725981806079432,0.04225352112676056,0.1111111111111111
2025-07-15,facebook_ads,100.15,13544,447,7,0,0.0,0.22404921700223715,14.307142857142859,,0.0,0.03300354400472534,0.015659955257270694,0.0
2025-07-15,google_ads,138.21,20014,800,30,3,352.8,0.1727625,4.607,46.07,2.552637291078793,0.0399720195862896,0.0375,0.1
2025-07-15,organic,5.73,0,0,0,0,0.0,,,,0.0,,,
2025-07-16,facebook_ads,133.03,48896,472,4,0,0.0,0.28184322033898307,33.2575,,0.0,0.009653141361256544,0.00847457627118644,0.0
2025-07-16,google_ads,91.66,9631,363,17,2,246.55,0.2525068870523416,5.391764705882353,45.83,2.68983198778093,0.03769079015678538,0.046831955922865015,0.11764705882352941
2025-07-16,organic,0.0,1034,52,3,0,0.0,0.0,0.0,,,0.05029013539651837,0.057692307692307696,0.0
2025-07-17,facebook_ads,105.14,31504,525,19,2,152.36,0.20026666666666668,5.5336842105263155,52.57,1.4491154650941602,0.016664550533265616,0.03619047619047619,0.10526315789473684
2025-07-17,google_ads,159.82,22704,824,21,2,207.9,0.19395631067961164,7.61047619047619,79.91,1.3008384432486548,0.03629316420014094,0.025485436893203883,0.09523809523809523
2025-07-17,organic,0.0,2904,138,8,1,98.29,0.0,0.0,0.0,,0.047520661157024795,0.057971014492753624,0.125
2025-07-18,facebook_ads,129.05,28041,743,30,2,202.29,0.1736877523553163,4.301666666666667,64.525,1.567531964354901,0.0264969152312685,0.040376850605652756,0.06666666666666667
2025-07-18,google_ads,159.58,33443,775,50,6,669.61,0.20590967741935484,3.1916,26.596666666666668,4.196077202656975,0.023173758335077593,0.06451612903225806,0.12
2025-07-18,organic,26.91,2341,136,8,0,0.0,0.19786764705882354,3.36375,,0.0,0.05809483126868859,0.058823529411764705,0.0
2025-07-19,facebook_ads,68.18,12810,274,13,1,80.38,0.2488321167883212,5.244615384615385,68.18,1.1789381050161336,0.02138953942232631,0.04744525547445255,0.07692307692307693
2025-07-19,google_ads,158.69,28464,822,42,4,482.55,0.19305352798053527,3.7783333333333333,39.6725,3.040834331085765,0.02887858347386172,0.051094890510948905,0.09523809523809523
2025-07-19,organic,0.0,2449,102,6,1,95.92,0.0,0.0,0.0,,0.041649652919559,0.058823529411764705,0.16666666666666666
2025-07-20,facebook_ads,134.52,18841,633,21,1,96.66,0.21251184834123224,6.405714285714287,134.52,0.7185548617305976,0.03359694283742901,0.03317535545023697,0.047619047619047616
2025-07-20,google_ads,177.13,33864,633,26,3,275.06,0.279826224328594,6.812692307692307,59.04333333333333,1.5528707728786768,0.018692416725726434,0.04107424960505529,0.11538461538461539
2025-07-20,organic,0.0,1708,122,8,1,87.81,0.0,0.0,0.0,,0.07142857142857142,0.06557377049180328,0.125
2025-07-21,facebook_ads,82.44,8556,341,11,0,0.0,0.24175953079178886,7.494545454545454,,0.0,0.03985507246376811,0.03225806451612903,0.0
2025-07-21,google_ads,110.98,59808,499,26,3,350.05,0.22240480961923847,4.268461538461539,36.99333333333333,3.1541719228689855,0.008343365436062065,0.052104208416833664,0.11538461538461539
2025-07-21,organic,0.0,1550,123,6,0,0.0,0.0,0.0,,,0.07935483870967742,0.04878048780487805,0.0
2025-07-22,facebook_ads,115.22,48666,514,16,1,105.65,0.22416342412451362,7.20125,115.22,0.9169415032112481,0.010561788517650926,0.0311284046692607,0.0625
2025-07-22,google_ads,140.96,57165,539,15,1,104.61,0.2615213358070501,9.397333333333334,140.96,0.7421254256526674,0.009428846322050205,0.027829313543599257,0.06666666666666667
2025-07-22,organic,28.7,3004,104,5,0,0.0,0.2759615384615385,5.74,,0.0,0.03462050599201065,0.04807692307692308,0.0
2025-07-23,facebook_ads,113.67,31523,622,23,2,187.7,0.1827491961414791,4.9421739130434785,56.835,1.6512712237177793,0.019731624528122323,0.03697749196141479,0.08695652173913043
2025-07-23,google_ads,163.91,40160,970,40,4,398.71,0.16897938144329896,4.09775,40.9775,2.432493441522787,0.024153386454183266,0.041237113402061855,0.1
2025-07-23,organic,0.0,1715,89,4,0,0.0,0.0,0.0,,,0.051895043731778424,0.0449438202247191,0.0
2025-07-24,facebook_ads,121.28,36373,514,14,1,95.48,0.2359533073929961,8.662857142857144,121.28,0.787269129287599,0.014131361174497568,0.027237354085603113,0.07142857142857142
2025-07-24,google_ads,154.7,45571,770,27,3,286.36,0.2009090909090909,5.729629629629629,51.56666666666666,1.8510665804783455,0.01689671062737267,0.03506493506493506,0.1111111111111111
2025-07-24,organic,33.4,1967,146,5,0,0.0,0.22876712328767124,6.68,,0.0,0.07422470767666497,0.03424657534246575,0.0
2025-07-25,facebook_ads,93.2,19562,432,9,0,0.0,0.21574074074074076,10.355555555555556,,0.0,0.02208363153051835,0.020833333333333332,0.0
2025-07-25,google_ads,119.44,18000,576,23,2,194.38,0.2073611111111111,5.193043478260869,59.72,1.6274279973208305,0.032,0.03993055555555555,0.08695652173913043
2025-07-25,organic,0.0,1112,88,5,0,0.0,0.0,0.0,,,0.07913669064748201,0.056818181818181816,0.0
2025-07-26,facebook_ads,105.56,10871,366,12,1,94.48,0.2884153005464481,8.796666666666667,105.56,0.8950359984842744,0.0336675558826235,0.03278688524590164,0.08333333333333333
2025-07-26,google_ads,107.86,11786,349,10,1,101.93,0.309054441260745,10.786,107.86,0.9450213239384387,0.029611403359918548,0.02865329512893983,0.1
2025-07-26,organic,0.0,5231,120,6,1,90.59,0.0,0.0,0.0,,0.022940164404511566,0.05,0.16666666666666666
2025-07-27,facebook_ads,120.8,61805,553,13,1,103.63,0.21844484629294755,9.292307692307691,120.8,0.857864238410596,0.008947496157268829,0.023508137432188065,0.07692307692307693
2025-07-27,google_ads,123.99,21582,762,31,2,213.79,0.16271653543307085,3.9996774193548386,61.995,1.7242519558028873,0.035307200444815126,0.04068241469816273,0.06451612903225806
2025-07-27,organic,0.0,4095,128,8,1,80.06,0.0,0.0,0.0,,0.03125763125763126,0.0625,0.125
2025-07-28,facebook_ads,137.48,39469,831,23,2,145.39,0.16543922984356196,5.977391304347826,68.74,1.0575356415478614,0.021054498467151437,0.027677496991576414,0.08695652173913043
2025-07-28,google_ads,154.11,78456,965,59,5,579.36,0.159699481865285,2.612033898305085,30.822000000000003,3.759392641619622,0.012299887835219741,0.061139896373056994,0.0847457627118644
2025-07-28,organic,7.99,1083,44,2,0,0.0,0.1815909090909091,3.995,,0.0,0.040627885503231764,0.045454545454545456,0.0
2025-07-29,facebook_ads,97.44,26218,407,5,0,0.0,0.2394103194103194,19.488,,0.0,0.015523686017240064,0.012285012285012284,0.0
2025-07-29,google_ads,85.88,24914,438,13,1,113.49,0.19607305936073058,6.606153846153846,85.88,1.3214951094550536,0.017580476840330737,0.02968036529680365,0.07692307692307693
2025-07-29,organic,59.57,4580,307,20,3,322.55,0.19403908794788274,2.9785,19.856666666666666,5.414638240725197,0.06703056768558951,0.06514657980456026,0.15
2025-07-30,facebook_ads,106.97,17227,572,14,1,104.98,0.1870104895104895,7.640714285714286,106.97,0.9813966532672712,0.03320369187902711,0.024475524475524476,0.07142857142857142
2025-07-30,google_ads,138.53,37885,828,45,3,305.2,0.16730676328502417,3.0784444444444445,46.17666666666667,2.2031328954017178,0.02185561567902864,0.05434782608695652,0.06666666666666667
2025-07-30,organic,0.0,2674,64,3,0,0.0,0.0,0.0,,,0.02393418100224383,0.046875,0.0
2025-07-31,facebook_ads,113.87,43071,428,8,0,0.0,0.2660514018691589,14.23375,,0.0,0.009937080634301503,0.018691588785046728,0.0
2025-07-31,google_ads,144.46,56532,655,22,2,215.79,0.2205496183206107,6.566363636363636,72.23,1.4937699017028934,0.011586358168824737,0.03358778625954199,0.09090909090909091
2025-07-31,organic,0.0,1591,73,4,0,0.0,0.0,0.0,,,0.0458830923947203,0.0547945205479452,0.0
2025-08-01,facebook_ads,148.2,18349,548,24,2,195.35,0.27043795620437955,6.175,74.1,1.3181511470985157,0.02986538775955093,0.043795620437956206,0.08333333333333333
2025-08-01,google_ads,121.5,45495,583,29,3,338.34,0.20840480274442538,4.189655172413793,40.5,2.7846913580246913,0.012814595010440707,0.04974271012006861,0.10344827586206896
2025-08-01,organic,3.95,1764,47,1,0,0.0,0.08404255319148937,3.95,,0.0,0.026643990929705215,0.02127659574468085,0.0
2025-08-02,facebook_ads,94.48,15152,535,25,2,172.57,0.1765981308411215,3.7792000000000003,47.24,1.8265241320914478,0.035308870116156285,0.04672897196261682,0.08
2025-08-02,google_ads,127.67,22889,516,33,5,606.8,0.24742248062015504,3.8687878787878787,25.534,4.752878514921281,0.022543579885534536,0.06395348837209303,0.15151515151515152
2025-08-02,organic,0.0,1044,71,4,0,0.0,0.0,0.0,,,0.06800766283524905,0.056338028169014086,0.0
2025-08-03,facebook_ads,138.5,27505,525,16,1,77.2,0.2638095238095238,8.65625,138.5,0.5574007220216607,0.019087438647518634,0.030476190476190476,0.0625
2025-08-03,google_ads,192.05,29632,1081,63,7,784.2,0.1776595744680851,3.0484126984126987,27.435714285714287,4.0833116375943765,0.03648083153347732,0.058279370952821465,0.1111111111111111
2025-08-03,organic,0.0,1130,57,2,0,0.0,0.0,0.0,,,0.050442477876106194,0.03508771929824561,0.0
2025-08-04,facebook_ads,164.94,22280,818,24,2,158.35,0.20163814180929096,6.8725,82.47,0.9600460773614647,0.036714542190305205,0.029339853300733496,0.08333333333333333
2025-08-04,google_ads,146.22,27535,480,23,1,108.77,0.304625,6.357391304347826,146.22,0.7438790863083026,0.017432358816052297,0.04791666666666667,0.043478260869565216
2025-08-04,organic,24.89,4031,142,7,0,0.0,0.17528169014084508,3.5557142857142856,,0.0,0.03522699082113619,0.04929577464788732,0.0
2025-08-05,facebook_ads,129.48,22683,732,12,1,92.17,0.17688524590163934,10.79,129.48,0.711847389558233,0.032270863642375344,0.01639344262295082,0.08333333333333333
2025-08-05,google_ads,144.95,38233,805,31,3,317.94,0.1800621118012422,4.675806451612903,48.31666666666666,2.193446015867541,0.02105510946041378,0.03850931677018633,0.0967741935483871
2025-08-05,organic,6.1,0,0,0,0,0.0,,,,0.0,,,
2025-08-06,facebook_ads,73.45,17070,419,17,0,0.0,0.1752983293556086,4.320588235294117,,0.0,0.02454598711189221,0.0405727923627685,0.0
2025-08-06,google_ads,189.04,19468,695,25,2,248.55,0.27199999999999996,7.561599999999999,94.52,1.3148011002962336,0.03569960961577974,0.03597122302158273,0.08
2025-08-06,organic,45.93,5606,239,18,2,192.62,0.19217573221757323,2.5516666666666667,22.965,4.193773133028522,0.042632893328576525,0.07531380753138076,0.1111111111111111
2025-08-07,facebook_ads,129.14,32333,682,27,2,170.2,0.1893548387096774,4.782962962962962,64.57,1.3179495121573486,0.02109300095877277,0.039589442815249266,0.07407407407407407
2025-08-07,google_ads,172.72,63794,778,37,4,362.52,0.22200514138817481,4.668108108108108,43.18,2.0988883742473368,0.012195504279399317,0.04755784061696658,0.10810810810810811
2025-08-07,organic,16.66,153,10,0,0,0.0,1.666,,,0.0,0.06535947712418301,0.0,
2025-08-08,facebook_ads,86.45,23984,391,12,0,0.0,0.2210997442455243,7.204166666666667,,0.0,0.0163025350233489,0.030690537084398978,0.0
2025-08-08,google_ads,151.58,39743,639,27,3,329.16,0.23721439749608766,5.614074074074074,50.52666666666667,2.171526586620926,0.0160783030974008,0.04225352112676056,0.1111111111111111
2025-08-08,organic,5.64,0,0,0,0,0.0,,,,0.0,,,
2025-08-09,facebook_ads,109.22,12258,340,8,0,0.0,0.32123529411764706,13.6525,,0.0,0.027736988089410997,0.023529411764705882,0.0
2025-08-09,google_ads,142.21,24520,773,38,3,341.69,0.18397153945666236,3.742368421052632,47.403333333333336,2.402714295759792,0.031525285481239805,0.04915912031047866,0.07894736842105263
2025-08-09,organic,2.56,1006,77,6,0,0.0,0.03324675324675325,0.4266666666666667,,0.0,0.07654075546719682,0.07792207792207792,0.0
2025-08-10,facebook_ads,121.75,30752,653,23,2,199.75,0.18644716692189892,5.293478260869565,60.875,1.6406570841889117,0.0212343912591051,0.03522205206738132,0.08695652173913043
2025-08-10,google_ads,178.94,39180,979,57,4,427.28,0.18277834525025535,3.139298245614035,44.735,2.3878394992734995,0.02498723838693211,0.05822267620020429,0.07017543859649122
2025-08-10,organic,0.0,1920,128,7,1,93.3,0.0,0.0,0.0,,0.06666666666666667,0.0546875,0.14285714285714285
2025-08-11,facebook_ads,130.34,49911,600,20,2,212.95,0.21723333333333333,6.517,65.17,1.6338038974988491,0.012021398088597705,0.03333333333333333,0.1
2025-08-11,google_ads,157.74,44963,724,39,5,560.58,0.2178729281767956,4.044615384615385,31.548000000000002,3.5538227462913654,0.016102128416698173,0.05386740331491713,0.1282051282051282
2025-08-11,organic,22.16,3611,159,8,1,65.69,0.13937106918238995,2.77,22.16,2.964350180505415,0.04403212406535586,0.050314465408805034,0.125
2025-08-12,facebook_ads,129.57,48401,624,21,1,82.88,0.20764423076923075,6.17,129.57,0.6396542409508373,0.01289229561372699,0.03365384615384615,0.047619047619047616
2025-08-12,google_ads,184.26,34346,1100,53,8,890.48,0.1675090909090909,3.4766037735849054,23.0325,4.8327363508086405,0.03202701915798055,0.04818181818181818,0.1509433962264151
2025-08-12,organic,0.0,5114,103,4,0,0.0,0.0,0.0,,,0.020140789988267502,0.038834951456310676,0.0
2025-08-13,facebook_ads,143.11,18949,535,17,1,80.0,0.26749532710280377,8.418235294117649,143.11,0.5590105513241562,0.028233679877566097,0.03177570093457944,0.058823529411764705
2025-08-13,google_ads,123.96,20595,560,27,3,284.08,0.22135714285714284,4.591111111111111,41.32,2.2917070022587933,0.027191065792668122,0.048214285714285716,0.1111111111111111
2025-08-13,organic,5.74,1962,44,2,0,0.0,0.13045454545454546,2.87,,0.0,0.022426095820591234,0.045454545454545456,0.0
2025-08-14,facebook_ads,107.93,26264,518,22,2,187.05,0.20835907335907336,4.905909090909091,53.965,1.7330677290836654,0.019722814498933903,0.04247104247104247,0.09090909090909091
2025-08-14,google_ads,169.17,37912,812,36,3,317.57,0.2083374384236453,4.699166666666667,56.38999999999999,1.8772240941065201,0.02141802067946824,0.04433497536945813,0.08333333333333333
2025-08-14,organic,15.85,1232,74,4,0,0.0,0.2141891891891892,3.9625,,0.0,0.060064935064935064,0.05405405405405406,0.0
2025-08-15,facebook_ads,89.13,9454,336,6,0,0.0,0.2652678571428571,14.854999999999999,,0.0,0.03554051195261265,0.017857142857142856,0.0
2025-08-15,google_ads,143.15,19431,575,27,3,348.48,0.24895652173913044,5.301851851851852,47.71666666666667,2.4343695424380023,0.029591889249137974,0.04695652173913043,0.1111111111111111
2025-08-15,organic,0.0,2385,135,8,1,105.46,0.0,0.0,0.0,,0.05660377358490566,0.05925925925925926,0.125
2025-08-16,facebook_ads,149.69,74685,653,16,1,99.86,0.2292343032159265,9.355625,149.69,0.6671120315318324,0.008743388900046863,0.02450229709035222,0.0625
2025-08-16,google_ads,136.06,44836,821,44,5,555.1,0.16572472594397078,3.0922727272727273,27.212,4.0798177274731735,0.018311178517262914,0.0535931790499391,0.11363636363636363
2025-08-16,organic,0.0,856,64,4,0,0.0,0.0,0.0,,,0.07476635514018691,0.0625,0.0
2025-08-17,facebook_ads,88.96,20744,485,7,0,0.0,0.18342268041237111,12.708571428571428,,0.0,0.023380254531430774,0.01443298969072165,0.0
2025-08-17,google_ads,160.28,32292,682,40,4,485.29,0.23501466275659824,4.007,40.07,3.027763913151984,0.021119781989347206,0.05865102639296188,0.1
2025-08-17,organic,0.0,995,40,2,0,0.0,0.0,0.0,,,0.04020100502512563,0.05,0.0
2025-08-18,facebook_ads,115.08,10661,426,8,0,0.0,0.2701408450704225,14.385,,0.0,0.03995872807428947,0.018779342723004695,0.0
2025-08-18,google_ads,220.23,131104,1341,58,7,774.33,0.1642281879194631,3.797068965517241,31.46142857142857,3.516005993733824,0.010228520868928484,0.04325130499627144,0.1206896551724138
2025-08-18,organic,2.76,0,0,0,0,0.0,,,,0.0,,,
2025-08-19,facebook_ads,120.21,15951,634,26,3,284.84,0.18960567823343846,4.623461538461538,40.07,2.36952000665502,0.039746724343301364,0.04100946372239748,0.11538461538461539
2025-08-19,google_ads,174.34,36771,794,40,5,495.13,0.21957178841309824,4.3585,34.868,2.84002523804061,0.021593103260721766,0.05037783375314862,0.125
2025-08-19,organic,17.52,1444,65,4,0,0.0,0.2695384615384615,4.38,,0.0,0.045013850415512466,0.06153846153846154,0.0
2025-08-20,facebook_ads,91.19,14558,526,21,1,93.52,0.17336501901140683,4.342380952380952,91.19,1.0255510472639544,0.03613133672207721,0.039923954372623575,0.047619047619047616
2025-08-20,google_ads,125.28,20717,455,19,2,214.6,0.2753406593406593,6.593684210526316,62.64,1.7129629629629628,0.02196263937828836,0.041758241758241756,0.10526315789473684
2025-08-20,organic,44.28,2275,163,8,1,88.14,0.2716564417177914,5.535,44.28,1.9905149051490514,0.07164835164835165,0.049079754601226995,0.125
2025-08-21,facebook_ads,154.54,45817,744,22,2,180.08,0.20771505376344085,7.024545454545454,77.27,1.1652646563996378,0.01623851408865705,0.02956989247311828,0.09090909090909091
2025-08-21,google_ads,192.97,52631,772,34,4,458.92,0.24996113989637306,5.675588235294118,48.2425,2.3781935015805566,0.014668161349774847,0.04404145077720207,0.11764705882352941
2025-08-21,organic,0.0,821,57,3,0,0.0,0.0,0.0,,,0.06942752740560293,0.05263157894736842,0.0
2025-08-22,facebook_ads,105.96,13721,494,22,1,75.82,0.21449392712550605,4.816363636363636,105.96,0.7155530388825971,0.03600320676335544,0.044534412955465584,0.045454545454545456
2025-08-22,google_ads,120.32,19294,608,21,2,269.15,0.19789473684210526,5.729523809523809,60.16,2.2369514627659575,0.03151238727065409,0.03453947368421053,0.09523809523809523
2025-08-22,organic,45.04,2602,146,5,0,0.0,0.3084931506849315,9.008,,0.0,0.056110684089162186,0.03424657534246575,0.0
2025-08-23,facebook_ads,117.88,30739,625,21,2,153.59,0.188608,5.613333333333333,58.94,1.3029351883271123,0.020332476658316796,0.0336,0.09523809523809523
2025-08-23,google_ads,171.37,113764,914,28,3,340.96,0.1874945295404814,6.120357142857143,57.123333333333335,1.9896131178152534,0.008034176013501634,0.030634573304157548,0.10714285714285714
2025-08-23,organic,15.32,3068,149,8,1,114.34,0.10281879194630873,1.915,15.32,7.4634464751958225,0.04856584093872229,0.053691275167785234,0.125
2025-08-24,facebook_ads,169.01,42892,637,12,0,0.0,0.26532182103610674,14.084166666666667,,0.0,0.01485125431315863,0.018838304552590265,0.0
2025-08-24,google_ads,160.51,32269,589,22,2,265.63,0.2725127334465195,7.295909090909091,80.255,1.65491246651299,0.018252812296631442,0.03735144312393888,0.09090909090909091
2025-08-24,organic,7.44,231,17,0,0,0.0,0.43764705882352944,,,0.0,0.0735930735930736,0.0,
2025-08-25,facebook_ads,74.73,9326,329,9,1,94.11,0.22714285714285715,8.303333333333335,74.73,1.2593336009634684,0.03527771820716277,0.02735562310030395,0.1111111111111111
2025-08-25,google_ads,169.56,34465,633,24,3,346.99,0.2678672985781991,7.065,56.52,2.046414248643548,0.018366458726244015,0.037914691943127965,0.125
2025-08-25,organic,0.0,2744,137,8,1,87.07,0.0,0.0,0.0,,0.049927113702623906,0.058394160583941604,0.125
2025-08-26,facebook_ads,120.66,48031,543,23,1,106.84,0.2222099447513812,5.246086956521739,120.66,0.8854632852643793,0.011305198725822906,0.0423572744014733,0.043478260869565216
2025-08-26,google_ads,136.73,16677,628,16,1,94.41,0.2177229299363057,8.545625,136.73,0.6904848972427412,0.03765665287521736,0.025477707006369428,0.0625
2025-08-26,organic,24.18,1461,87,4,0,0.0,0.27793103448275863,6.045,,0.0,0.059548254620123205,0.04597701149425287,0.0
2025-08-27,facebook_ads,119.04,13648,425,13,1,85.53,0.2800941176470588,9.156923076923077,119.04,0.7184979838709677,0.031140093786635403,0.03058823529411765,0.07692307692307693
2025-08-27,google_ads,148.76,15445,582,29,3,376.11,0.25560137457044674,5.129655172413793,49.586666666666666,2.528300618445819,0.0376820977662674,0.04982817869415808,0.10344827586206896
2025-08-27,organic,36.23,3233,177,10,1,111.2,0.20468926553672315,3.6229999999999998,36.23,3.0692796025393325,0.05474791215589236,0.05649717514124294,0.1
2025-08-28,facebook_ads,129.09,14403,508,5,0,0.0,0.25411417322834645,25.818,,0.0,0.035270429771575365,0.00984251968503937,0.0
2025-08-28,google_ads,156.26,33855,675,35,4,422.44,0.23149629629629628,4.464571428571428,39.065,2.7034429796493025,0.01993797075764289,0.05185185185185185,0.11428571428571428
2025-08-28,organic,0.0,1705,89,6,0,0.0,0.0,0.0,,,0.05219941348973607,0.06741573033707865,0.0
2025-08-29,facebook_ads,91.06,22819,456,2,0,0.0,0.19969298245614037,45.53,,0.0,0.019983347210657785,0.0043859649122807015,0.0
2025-08-29,google_ads,143.72,37778,816,14,1,98.2,0.17612745098039215,10.265714285714285,143.72,0.6832730308934039,0.02159987294192387,0.01715686274509804,0.07142857142857142
2025-08-29,organic,20.11,3348,128,10,1,98.76,0.157109375,2.011,20.11,4.910989557434113,0.038231780167264036,0.078125,0.1
2025-08-30,facebook_ads,82.87,13679,402,11,0,0.0,0.2061442786069652,7.533636363636364,,0.0,0.02938811316616712,0.02736318407960199,0.0
2025-08-30,google_ads,174.19,61998,773,40,3,297.76,0.22534282018111254,4.35475,58.06333333333333,1.7093977840289338,0.012468144133681731,0.0517464424320828,0.075
2025-08-30,organic,21.91,1465,115,7,1,122.11,0.1905217391304348,3.13,21.91,5.573254221816522,0.07849829351535836,0.06086956521739131,0.14285714285714285
2025-08-31,facebook_ads,114.65,59133,541,13,1,113.1,0.21192236598890943,8.819230769230769,114.65,0.9864805931094635,0.009148867806470161,0.024029574861367836,0.07692307692307693
2025-08-31,google_ads,158.17,23552,869,36,4,388.32,0.18201380897583427,4.3936111111111105,39.5425,2.455079977239679,0.036897078804347824,0.04142692750287687,0.1111111111111111
2025-08-31,organic,8.82,1286,67,3,0,0.0,0.13164179104477614,2.94,,0.0,0.052099533437014,0.04477611940298507,0.0
2025-09-01,facebook_ads,110.55,18672,335,8,0,0.0,0.33,13.81875,,0.0,0.017941302485004286,0.023880597014925373,0.0
2025-09-01,google_ads,183.22,31133,1076,57,7,657.63,0.17027881040892193,3.214385964912281,26.174285714285713,3.589291562056544,0.034561397873638905,0.05297397769516728,0.12280701754385964
2025-09-01,organic,0.0,2256,119,7,1,109.74,0.0,0.0,0.0,,0.05274822695035461,0.058823529411764705,0.14285714285714285
2025-09-02,facebook_ads,150.65,34179,696,8,0,0.0,0.21645114942528737,18.83125,,0.0,0.020363381023435444,0.011494252873563218,0.0
2025-09-02,google_ads,122.84,16727,632,37,4,458.49,0.19436708860759494,3.3200000000000003,30.71,3.73241615109085,0.03778322472649011,0.058544303797468354,0.10810810810810811
2025-09-02,organic,0.0,4136,137,7,1,80.9,0.0,0.0,0.0,,0.033123791102514503,0.051094890510948905,0.14285714285714285
2025-09-03,facebook_ads,149.56,53159,533,12,1,92.56,0.2806003752345216,12.463333333333333,149.56,0.6188820540251404,0.01002652420098196,0.0225140712945591,0.08333333333333333
2025-09-03,google_ads,166.29,25640,862,58,5,613.05,0.19291183294663572,2.8670689655172414,33.257999999999996,3.6866317878405193,0.03361934477379095,0.06728538283062645,0.08620689655172414
2025-09-03,organic,34.2,4668,216,15,2,185.66,0.15833333333333335,2.2800000000000002,17.1,5.428654970760233,0.04627249357326478,0.06944444444444445,0.13333333333333333
2025-09-04,facebook_ads,114.76,17645,510,10,1,99.21,0.22501960784313726,11.476,114.76,0.8644998257232485,0.028903372060073675,0.0196078431372549,0.1
2025-09-04,google_ads,166.37,45743,641,23,2,224.74,0.25954758190327615,7.233478260869566,83.185,1.350844503215724,0.014013073038497694,0.0358814352574103,0.08695652173913043
2025-09-04,organic,0.0,1041,83,3,0,0.0,0.0,0.0,,,0.07973102785782901,0.03614457831325301,0.0
2025-09-05,facebook_ads,129.01,24644,700,23,3,315.49,0.1843,5.6091304347826085,43.00333333333333,2.4454693434617476,0.02840447979224152,0.032857142857142856,0.13043478260869565
2025-09-05,google_ads,142.34,19061,654,28,3,374.02,0.21764525993883793,5.083571428571429,47.446666666666665,2.627652100604187,0.034310896595141915,0.04281345565749235,0.10714285714285714
2025-09-05,organic,0.0,2160,125,9,1,104.63,0.0,0.0,0.0,,0.05787037037037037,0.072,0.1111111111111111
2025-09-06,facebook_ads,101.88,13799,469,14,1,76.4,0.217228144989339,7.277142857142857,101.88,0.7499018453082058,0.03398797014276397,0.029850746268656716,0.07142857142857142
2025-09-06,google_ads,114.32,42982,617,27,2,216.18,0.1852836304700162,4.234074074074074,57.16,1.8910076976906929,0.014354846214694524,0.04376012965964344,0.07407407407407407
2025-09-06,organic,0.0,659,51,2,0,0.0,0.0,0.0,,,0.07738998482549317,0.0392156862745098,0.0
2025-09-07,facebook_ads,134.08,25374,778,17,1,76.27,0.1723393316195373,7.887058823529412,134.08,0.5688394988066825,0.030661306849531018,0.021850899742930592,0.058823529411764705
2025-09-07,google_ads,158.21,52763,637,24,2,212.93,0.24836734693877552,6.592083333333334,79.105,1.345869414069907,0.012072854083353865,0.03767660910518053,0.08333333333333333
2025-09-07,organic,0.0,1818,118,7,0,0.0,0.0,0.0,,,0.06490649064906491,0.059322033898305086,0.0
2025-09-08,facebook_ads,104.38,20557,472,16,0,0.0,0.22114406779661017,6.52375,,0.0,0.022960548718198182,0.03389830508474576,0.0
2025-09-08,google_ads,199.94,38017,838,45,3,279.53,0.23859188544152746,4.4431111111111115,66.64666666666666,1.3980694208262479,0.022042770339584922,0.05369928400954654,0.06666666666666667
2025-09-08,organic,5.26,1416,83,3,0,0.0,0.06337349397590361,1.7533333333333332,,0.0,0.05861581920903955,0.03614457831325301,0.0
2025-09-09,facebook_ads,114.15,28176,641,26,2,137.31,0.1780811232449298,4.390384615384615,57.075,1.2028909329829172,0.02274985803520727,0.0405616224648986,0.07692307692307693
2025-09-09,google_ads,165.43,29568,759,25,4,401.62,0.2179578392621871,6.6172,41.3575,2.427733784682343,0.025669642857142856,0.03293807641633729,0.16
2025-09-09,organic,18.73,939,68,3,0,0.0,0.27544117647058824,6.243333333333333,,0.0,0.0724174653887114,0.04411764705882353,0.0
2025-09-10,facebook_ads,117.38,30428,579,12,1,93.96,0.20272884283246978,9.781666666666666,117.38,0.8004770829783608,0.019028526357302483,0.02072538860103627,0.08333333333333333
2025-09-10,google_ads,110.82,18188,380,11,1,102.71,0.2916315789473684,10.074545454545454,110.82,0.9268182638512904,0.020892896415218826,0.02894736842105263,0.09090909090909091
2025-09-10,organic,19.29,1336,100,6,0,0.0,0.1929,3.215,,0.0,0.0748502994011976,0.06,0.0
2025-09-11,facebook_ads,96.49,21679,357,13,0,0.0,0.2702801120448179,7.422307692307692,,0.0,0.01646754924120116,0.036414565826330535,0.0
2025-09-11,google_ads,144.5,22578,784,25,3,360.86,0.18431122448979592,5.78,48.166666666666664,2.4973010380622838,0.03472406767649925,0.03188775510204082,0.12
2025-09-11,organic,0.0,1323,43,2,0,0.0,0.0,0.0,,,0.03250188964474679,0.046511627906976744,0.0
2025-09-12,facebook_ads,117.02,38026,534,10,0,0.0,0.2191385767790262,11.702,,0.0,0.014043023194656288,0.018726591760299626,0.0
2025-09-12,google_ads,114.75,14091,556,27,3,337.16,0.20638489208633093,4.25,38.25,2.9382135076252727,0.03945780994961323,0.048561151079136694,0.1111111111111111
2025-09-12,organic,39.44,8002,207,15,1,91.88,0.19053140096618357,2.6293333333333333,39.44,2.3296146044624746,0.025868532866783304,0.07246376811594203,0.06666666666666667
2025-09-13,facebook_ads,153.95,17762,658,17,1,87.48,0.23396656534954405,9.055882352941175,153.95,0.5682364404027282,0.037045377772773336,0.025835866261398176,0.058823529411764705
2025-09-13,google_ads,148.94,26071,544,40,3,339.72,0.27378676470588237,3.7235,49.64666666666667,2.280918490667383,0.020866096428982395,0.07352941176470588,0.075
2025-09-13,organic,0.0,959,56,3,0,0.0,0.0,0.0,,,0.058394160583941604,0.05357142857142857,0.0
2025-09-14,facebook_ads,148.3,93270,897,36,2,163.38,0.1653288740245262,4.1194444444444445,74.15,1.1016857720836142,0.009617240270183338,0.04013377926421405,0.05555555555555555
2025-09-14,google_ads,153.65,15723,598,16,2,220.17,0.25693979933110367,9.603125,76.825,1.4329319882850633,0.03803345417541182,0.026755852842809364,0.125
2025-09-14,organic,0.0,1646,114,4,0,0.0,0.0,0.0,,,0.0692588092345079,0.03508771929824561,0.0
2025-09-15,facebook_ads,121.34,30227,624,14,1,102.73,0.1944551282051282,8.667142857142858,121.34,0.8466293060820834,0.02064379528236345,0.022435897435897436,0.07142857142857142
2025-09-15,google_ads,163.41,59787,839,41,3,352.55,0.19476758045292014,3.9856097560975607,54.47,2.1574567039960835,0.01403315101945239,0.04886769964243146,0.07317073170731707
2025-09-15,organic,3.22,0,0,0,0,0.0,,,,0.0,,,
2025-09-16,facebook_ads,125.6,21831,725,21,1,91.35,0.1732413793103448,5.980952380952381,125.6,0.7273089171974522,0.03320965599377033,0.028965517241379312,0.047619047619047616
2025-09-16,google_ads,161.25,29558,810,39,4,428.78,0.19907407407407407,4.134615384615385,40.3125,2.659100775193798,0.027403748562148996,0.04814814814814815,0.10256410256410256
2025-09-16,organic,0.0,2062,111,8,1,101.4,0.0,0.0,0.0,,0.053831231813773035,0.07207207207207207,0.125
2025-09-17,facebook_ads,106.54,9805,375,9,0,0.0,0.2841066666666667,11.837777777777779,,0.0,0.0382457929627741,0.024,0.0
2025-09-17,google_ads,136.7,17245,568,39,3,336.11,0.24066901408450703,3.5051282051282047,45.56666666666666,2.4587417702999272,0.03293708321252537,0.06866197183098592,0.07692307692307693
2025-09-17,organic,0.0,1909,111,4,0,0.0,0.0,0.0,,,0.05814562598218963,0.036036036036036036,0.0
2025-09-18,facebook_ads,108.66,16338,595,14,0,0.0,0.1826218487394958,7.761428571428572,,0.0,0.03641816623821765,0.023529411764705882,0.0
2025-09-18,google_ads,147.17,23386,877,34,4,386.46,0.16781071835803876,4.3285294117647055,36.7925,2.625942787252837,0.03750106901565039,0.03876852907639681,0.11764705882352941
2025-09-18,organic,26.18,906,72,5,0,0.0,0.3636111111111111,5.236,,0.0,0.07947019867549669,0.06944444444444445,0.0
2025-09-19,facebook_ads,106.77,16036,581,17,1,75.58,0.18376936316695353,6.280588235294117,106.77,0.7078767444038587,0.03623098029433774,0.029259896729776247,0.058823529411764705
2025-09-19,google_ads,137.09,40429,543,19,2,212.23,0.2524677716390424,7.215263157894737,68.545,1.5481070829382158,0.01343095302876648,0.034990791896869246,0.10526315789473684
2025-09-19,organic,36.93,2517,154,8,1,98.14,0.2398051948051948,4.61625,36.93,2.6574600595721636,0.061183949145808506,0.05194805194805195,0.125
2025-09-20,facebook_ads,107.71,10885,404,9,0,0.0,0.26660891089108907,11.967777777777776,,0.0,0.037115296279283415,0.022277227722772276,0.0
2025-09-20,google_ads,165.72,33198,928,42,4,408.9,0.17857758620689654,3.9457142857142857,41.43,2.467414916727009,0.02795349117416712,0.04525862068965517,0.09523809523809523
2025-09-20,organic,0.0,1004,47,2,0,0.0,0.0,0.0,,,0.046812749003984064,0.0425531914893617,0.0
2025-09-21,facebook_ads,97.06,15494,501,8,1,101.2,0.19373253493013973,12.1325,97.06,1.042654028436019,0.03233509745708016,0.015968063872255488,0.125
2025-09-21,google_ads,157.42,27582,752,44,5,554.77,0.2093351063829787,3.5777272727272726,31.483999999999998,3.524139245330962,0.02726415778406207,0.05851063829787234,0.11363636363636363
2025-09-21,organic,0.0,2660,132,9,1,79.08,0.0,0.0,0.0,,0.04962406015037594,0.06818181818181818,0.1111111111111111
2025-09-22,facebook_ads,127.54,55997,449,14,1,71.48,0.28405345211581295,9.110000000000001,127.54,0.560451623020229,0.008018286693930033,0.031180400890868598,0.07142857142857142
2025-09-22,google_ads,141.86,18155,692,28,3,343.27,0.20500000000000002,5.066428571428572,47.28666666666667,2.4197800648526715,0.038116221426604244,0.04046242774566474,0.10714285714285714
2025-09-22,organic,0.0,1235,81,3,0,0.0,0.0,0.0,,,0.06558704453441296,0.037037037037037035,0.0
2025-09-23,facebook_ads,120.99,39693,602,19,1,91.7,0.2009800664451827,6.367894736842105,120.99,0.7579138771799323,0.015166402136396846,0.03156146179401993,0.05263157894736842
2025-09-23,google_ads,138.45,34799,865,36,2,235.38,0.16005780346820808,3.845833333333333,69.225,1.7001083423618637,0.024857036121727637,0.04161849710982659,0.05555555555555555
2025-09-23,organic,30.54,2932,112,7,1,86.24,0.27267857142857144,4.362857142857143,30.54,2.8238375900458412,0.03819918144611187,0.0625,0.14285714285714285
2025-09-24,facebook_ads,114.34,34488,630,21,2,181.76,0.1814920634920635,5.444761904761905,57.17,1.5896449186636346,0.01826722338204593,0.03333333333333333,0.09523809523809523
2025-09-24,google_ads,155.49,40806,762,29,3,356.37,0.20405511811023624,5.361724137931035,51.830000000000005,2.2919158788346516,0.01867372445228643,0.03805774278215223,0.10344827586206896
2025-09-24,organic,0.0,2494,84,5,0,0.0,0.0,0.0,,,0.03368083400160385,0.05952380952380952,0.0
2025-09-25,facebook_ads,136.53,32557,547,20,2,166.16,0.2495978062157221,6.8265,68.265,1.2170218999487292,0.01680130233129588,0.03656307129798903,0.1
2025-09-25,google_ads,145.78,30463,835,43,4,496.5,0.17458682634730538,3.3902325581395347,36.445,3.4058169844971875,0.02741030102091061,0.05149700598802395,0.09302325581395349
2025-09-25,organic,25.6,4981,153,10,1,97.36,0.1673202614379085,2.56,25.6,3.8031249999999996,0.030716723549488054,0.06535947712418301,0.1
2025-09-26,facebook_ads,141.8,25936,705,13,0,0.0,0.20113475177304965,10.907692307692308,,0.0,0.027182294879703885,0.018439716312056736,0.0
2025-09-26,google_ads,195.22,83730,793,46,5,555.07,0.24617906683480453,4.243913043478261,39.044,2.8433049892429056,0.009470918428281381,0.058007566204287514,0.10869565217391304
2025-09-26,organic,0.0,1836,104,6,0,0.0,0.0,0.0,,,0.05664488017429194,0.057692307692307696,0.0
2025-09-27,facebook_ads,145.61,40168,637,17,1,74.49,0.22858712715855575,8.56529411764706,145.61,0.5115720074170729,0.01585839474208325,0.026687598116169546,0.058823529411764705
2025-09-27,google_ads,161.33,15735,592,32,4,434.8,0.27251689189189193,5.0415625,40.3325,2.6950970061364905,0.03762313314267556,0.05405405405405406,0.125
2025-09-27,organic,15.48,1398,92,5,0,0.0,0.1682608695652174,3.096,,0.0,0.06580829756795423,0.05434782608695652,0.0
2025-09-28,facebook_ads,132.75,13493,373,0,0,0.0,0.3558981233243968,,,0.0,0.027643963536648632,0.0,
2025-09-28,google_ads,142.07,22836,716,18,2,218.9,0.1984217877094972,7.892777777777777,71.035,1.5407897515309357,0.03135400245226835,0.025139664804469275,0.1111111111111111
2025-09-28,organic,0.0,2125,136,9,1,77.81,0.0,0.0,0.0,,0.064,0.0661764705882353,0.1111111111111111
2025-09-29,facebook_ads,109.91,46682,695,31,3,235.14,0.15814388489208633,3.545483870967742,36.63666666666666,2.13938677099445,0.014887965382802794,0.04460431654676259,0.0967741935483871
2025-09-29,google_ads,133.07,38147,620,20,1,106.2,0.2146290322580645,6.653499999999999,133.07,0.7980762004959796,0.01625291634990956,0.03225806451612903,0.05
2025-09-29,organic,0.0,2649,107,5,0,0.0,0.0,0.0,,,0.040392600981502456,0.04672897196261682,0.0
2025-09-30,facebook_ads,126.13,21101,520,10,1,77.97,0.2425576923076923,12.613,126.13,0.6181717275826528,0.02464338183024501,0.019230769230769232,0.1
2025-09-30,google_ads,142.84,23122,547,23,2,205.31,0.2611334552102377,6.210434782608695,71.42,1.4373424810977318,0.023657123086238213,0.04204753199268738,0.08695652173913043
2025-09-30,organic,12.13,1011,47,3,0,0.0,0.2580851063829787,4.043333333333334,,0.0,0.04648862512363996,0.06382978723404255,0.0
2025-10-01,facebook_ads,122.62,19519,563,6,0,0.0,0.21779751332149203,20.436666666666667,,0.0,0.028843690762846458,0.010657193605683837,0.0
2025-10-01,google_ads,162.22,35090,705,29,3,321.3,0.23009929078014185,5.5937931034482755,54.07333333333333,1.9806435704598695,0.020091194072385295,0.04113475177304964,0.10344827586206896
2025-10-01,organic,4.96,0,0,0,0,0.0,,,,0.0,,,
2025-10-02,facebook_ads,144.13,23944,795,23,2,224.28,0.18129559748427673,6.266521739130434,72.065,1.5560951918406993,0.033202472435683264,0.028930817610062894,0.08695652173913043
2025-10-02,google_ads,138.7,51749,657,20,2,218.12,0.21111111111111108,6.935,69.35,1.5726027397260276,0.012695897505265803,0.030441400304414,0.1
2025-10-02,organic,0.0,3144,124,5,0,0.0,0.0,0.0,,,0.039440203562340966,0.04032258064516129,0.0
2025-10-03,facebook_ads,119.75,29341,708,16,1,94.77,0.16913841807909605,7.484375,119.75,0.7913987473903966,0.02413005691694216,0.022598870056497175,0.0625
2025-10-03,google_ads,150.37,37108,896,28,2,231.3,0.16782366071428573,5.370357142857143,75.185,1.5382057591274856,0.024145736768351838,0.03125,0.07142857142857142
2025-10-03,organic,0.0,1504,78,5,0,0.0,0.0,0.0,,,0.05186170212765957,0.0641025641025641,0.0
2025-10-04,facebook_ads,110.08,17539,522,20,1,92.95,0.21088122605363985,5.504,110.08,0.8443859011627908,0.02976224414162723,0.038314176245210725,0.05
2025-10-04,google_ads,173.07,36330,833,25,2,233.21,0.20776710684273708,6.9228,86.535,1.347489455133761,0.022928709055876687,0.030012004801920768,0.08
2025-10-04,organic,12.45,1163,26,1,0,0.0,0.4788461538461538,12.45,,0.0,0.02235597592433362,0.038461538461538464,0.0
2025-10-05,facebook_ads,129.16,25247,692,16,1,75.53,0.18664739884393064,8.0725,129.16,0.5847785692164758,0.027409197132332554,0.023121387283236993,0.0625
2025-10-05,google_ads,193.06,30681,769,33,4,438.71,0.25105331599479846,5.850303030303031,48.265,2.272402361960012,0.025064372086959354,0.04291287386215865,0.12121212121212122
2025-10-05,organic,13.27,1547,41,1,0,0.0,0.32365853658536586,13.27,,0.0,0.026502908855850032,0.024390243902439025,0.0
2025-10-06,facebook_ads,87.85,20797,392,8,0,0.0,0.22410714285714284,10.98125,,0.0,0.018848872433524066,0.02040816326530612,0.0
2025-10-06,google_ads,121.16,18402,694,30,3,311.12,0.17458213256484148,4.038666666666667,40.38666666666666,2.5678441729943877,0.03771329203347462,0.043227665706051875,0.1
2025-10-06,organic,11.7,1193,88,6,0,0.0,0.13295454545454544,1.95,,0.0,0.07376362112321877,0.06818181818181818,0.0
2025-10-07,facebook_ads,141.77,18911,753,24,1,82.86,0.18827357237715805,5.9070833333333335,141.77,0.5844677999576778,0.03981809528845645,0.03187250996015936,0.041666666666666664
2025-10-07,google_ads,169.3,32921,898,31,3,336.34,0.18853006681514478,5.461290322580646,56.43333333333334,1.9866509155345538,0.027277421706509524,0.034521158129175944,0.0967741935483871
2025-10-07,organic,9.76,1977,71,4,0,0.0,0.13746478873239437,2.44,,0.0,0.035912999494183105,0.056338028169014086,0.0
2025-10-08,facebook_ads,122.69,39697,734,22,1,90.68,0.1671525885558583,5.576818181818182,122.69,0.7390985410383895,0.01849006222132655,0.02997275204359673,0.045454545454545456
2025-10-08,google_ads,149.3,25550,667,32,4,443.92,0.22383808095952026,4.665625,37.325,2.9733422638981915,0.026105675146771038,0.047976011994003,0.125
2025-10-08,organic,58.45,4723,332,18,2,206.93,0.1760542168674699,3.2472222222222222,29.225,3.540290846877673,0.07029430446749947,0.05421686746987952,0.1111111111111111
2025-10-09,facebook_ads,127.98,16716,631,35,3,248.42,0.20282091917591125,3.6565714285714286,42.660000000000004,1.9410845444600717,0.037748265135199806,0.0554675118858954,0.08571428571428572
2025-10-09,google_ads,132.64,68793,699,32,3,351.94,0.18975679542203144,4.145,44.21333333333333,2.6533474065138725,0.010160917535214338,0.045779685264663805,0.09375
2025-10-09,organic,0.0,1805,133,8,1,86.91,0.0,0.0,0.0,,0.07368421052631578,0.06015037593984962,0.125
2025-10-10,facebook_ads,136.94,53737,609,26,2,192.1,0.22486042692939245,5.266923076923077,68.47,1.402804147801957,0.011332973556395036,0.042692939244663386,0.07692307692307693
2025-10-10,google_ads,181.18,16101,617,23,2,198.45,0.293646677471637,7.877391304347826,90.59,1.095319571696655,0.038320601204894104,0.03727714748784441,0.08695652173913043
2025-10-10,organic,0.0,798,59,3,0,0.0,0.0,0.0,,,0.07393483709273183,0.05084745762711865,0.0
2025-10-11,facebook_ads,135.08,26851,778,8,0,0.0,0.17362467866323908,16.885,,0.0,0.02897471230121783,0.010282776349614395,0.0
2025-10-11,google_ads,150.43,28250,559,28,3,302.07,0.26910554561717354,5.3725000000000005,50.14333333333334,2.008043608322808,0.019787610619469025,0.05008944543828265,0.10714285714285714
2025-10-11,organic,0.0,1506,65,2,0,0.0,0.0,0.0,,,0.04316069057104914,0.03076923076923077,0.0
2025-10-12,facebook_ads,114.62,14617,478,14,1,100.81,0.2397907949790795,8.187142857142858,114.62,0.8795149188623277,0.03270164876513648,0.029288702928870293,0.07142857142857142
2025-10-12,google_ads,142.64,85130,841,34,4,479.18,0.16960760998810936,4.195294117647059,35.66,3.3593662366797536,0.009879008575120404,0.04042806183115339,0.11764705882352941
2025-10-12,organic,32.29,3080,85,5,0,0.0,0.37988235294117645,6.458,,0.0,0.027597402597402596,0.058823529411764705,0.0
2025-10-13,facebook_ads,82.86,12100,389,8,0,0.0,0.2130077120822622,10.3575,,0.0,0.032148760330578514,0.02056555269922879,0.0
2025-10-13,google_ads,153.77,24627,708,35,3,291.39,0.2171892655367232,4.393428571428572,51.25666666666667,1.894973011640762,0.02874893409672311,0.04943502824858757,0.08571428571428572
2025-10-13,organic,39.57,1582,116,6,0,0.0,0.3411206896551724,6.595,,0.0,0.07332490518331226,0.05172413793103448,0.0
2025-10-14,facebook_ads,150.73,41358,738,25,2,148.36,0.2042411924119241,6.0291999999999994,75.365,0.984276520931467,0.01784418975772523,0.03387533875338753,0.08
2025-10-14,google_ads,131.38,13241,508,22,2,172.37,0.2586220472440945,5.971818181818182,65.69,1.3119957375551836,0.03836568235027566,0.04330708661417323,0.09090909090909091
2025-10-14,organic,25.84,2703,124,8,1,71.23,0.20838709677419354,3.23,25.84,2.7565789473684212,0.04587495375508694,0.06451612903225806,0.125
2025-10-15,facebook_ads,100.38,22835,440,16,1,87.86,0.22813636363636364,6.27375,100.38,0.8752739589559674,0.01926866652069192,0.03636363636363636,0.0625
2025-10-15,google_ads,103.84,60926,618,31,4,445.07,0.16802588996763754,3.3496774193548386,25.96,4.286113251155624,0.0101434527131274,0.05016181229773463,0.12903225806451613
2025-10-15,organic,0.0,1881,60,3,0,0.0,0.0,0.0,,,0.03189792663476874,0.05,0.0
2025-10-16,facebook_ads,120.33,31324,680,22,2,225.55,0.17695588235294119,5.469545454545455,60.165,1.8744286545333666,0.021708594049291277,0.03235294117647059,0.09090909090909091
2025-10-16,google_ads,174.28,64333,657,37,4,486.6,0.26526636225266365,4.710270270270271,43.57,2.7920587560247876,0.010212488147606983,0.0563165905631659,0.10810810810810811
2025-10-16,organic,23.19,3986,101,5,0,0.0,0.2296039603960396,4.638,,0.0,0.025338685398896138,0.04950495049504951,0.0
2025-10-17,facebook_ads,50.93,7830,262,12,1,102.91,0.19438931297709924,4.244166666666667,50.93,2.0206165324955823,0.0334610472541507,0.04580152671755725,0.08333333333333333
2025-10-17,google_ads,156.54,37964,884,40,5,568.32,0.1770814479638009,3.9135,31.308,3.6305097738597167,0.023285217574544305,0.04524886877828054,0.125
2025-10-17,organic,0.0,1928,81,4,0,0.0,0.0,0.0,,,0.042012448132780086,0.04938271604938271,0.0
2025-10-18,facebook_ads,148.51,40396,517,4,0,0.0,0.2872533849129594,37.1275,,0.0,0.012798296861075354,0.007736943907156673,0.0
2025-10-18,google_ads,174.99,71845,921,41,4,443.39,0.19,4.268048780487805,43.7475,2.533801931538945,0.012819263692671725,0.04451682953311618,0.0975609756097561
2025-10-18,organic,69.19,11969,291,21,2,148.9,0.23776632302405498,3.294761904761905,34.595,2.152045093221564,0.024312808087559527,0.07216494845360824,0.09523809523809523
2025-10-19,facebook_ads,115.29,32997,536,12,1,97.49,0.21509328358208957,9.6075,115.29,0.8456067308526324,0.016243900960693395,0.022388059701492536,0.08333333333333333
2025-10-19,google_ads,166.29,24862,909,30,2,223.0,0.18293729372937292,5.543,83.145,1.3410307294485537,0.03656182125331832,0.033003300330033,0.06666666666666667
2025-10-19,organic,8.1,1592,97,4,0,0.0,0.08350515463917525,2.025,,0.0,0.06092964824120603,0.041237113402061855,0.0
2025-10-20,facebook_ads,183.3,29536,735,15,1,78.99,0.24938775510204084,12.22,183.3,0.43093289689034364,0.024884886240520043,0.02040816326530612,0.06666666666666667
2025-10-20,google_ads,144.04,22902,843,17,2,206.02,0.17086595492289441,8.472941176470588,72.02,1.4302971396834214,0.03680901231333508,0.020166073546856466,0.11764705882352941
2025-10-20,organic,1.07,0,0,0,0,0.0,,,,0.0,,,
2025-10-21,facebook_ads,104.65,24831,546,16,0,0.0,0.19166666666666668,6.540625,,0.0,0.021988643228222787,0.029304029304029304,0.0
2025-10-21,google_ads,108.5,18638,490,19,2,207.12,0.22142857142857142,5.7105263157894735,54.25,1.9089400921658985,0.026290374503702113,0.03877551020408163,0.10526315789473684
2025-10-21,organic,14.72,1948,114,6,0,0.0,0.12912280701754386,2.4533333333333336,,0.0,0.058521560574948665,0.05263157894736842,0.0
2025-10-22,facebook_ads,127.27,17423,518,10,1,72.97,0.2456949806949807,12.727,127.27,0.5733480003142924,0.029730815588589796,0.019305019305019305,0.1
2025-10-22,google_ads,113.97,25553,688,26,3,260.19,0.16565406976744185,4.383461538461538,37.99,2.28296920242169,0.02692443157359214,0.0377906976744186,0.11538461538461539
2025-10-22,organic,0.0,2161,91,5,0,0.0,0.0,0.0,,,0.04211013419713096,0.054945054945054944,0.0
2025-10-23,facebook_ads,172.67,65163,1011,14,1,79.82,0.17079129574678534,12.333571428571428,172.67,0.46226906816470725,0.015514939459509231,0.013847675568743818,0.07142857142857142
2025-10-23,google_ads,152.56,68420,790,22,2,225.53,0.1931139240506329,6.934545454545455,76.28,1.4783036182485578,0.0115463314820228,0.027848101265822784,0.09090909090909091
2025-10-23,organic,24.89,2863,147,7,1,103.19,0.16931972789115646,3.5557142857142856,24.89,4.145841703495379,0.05134474327628362,0.047619047619047616,0.14285714285714285
2025-10-24,facebook_ads,185.09,16789,645,24,2,171.94,0.2869612403100775,7.712083333333333,92.545,0.9289534820897941,0.03841801179343618,0.037209302325581395,0.08333333333333333
2025-10-24,google_ads,163.53,32884,939,51,5,457.88,0.17415335463258785,3.206470588235294,32.706,2.799975539656332,0.028554920325994406,0.054313099041533544,0.09803921568627451
2025-10-24,organic,0.0,897,63,3,0,0.0,0.0,0.0,,,0.07023411371237458,0.047619047619047616,0.0
2025-10-25,facebook_ads,100.65,22549,446,13,1,85.67,0.22567264573991033,7.742307692307692,100.65,0.8511674118231495,0.01977914763404142,0.02914798206278027,0.07692307692307693
2025-10-25,google_ads,158.19,30991,874,21,2,235.24,0.1809954233409611,7.532857142857143,79.095,1.4870725077438525,0.028201735987867446,0.02402745995423341,0.09523809523809523
2025-10-25,organic,0.0,2448,135,8,1,94.0,0.0,0.0,0.0,,0.05514705882352941,0.05925925925925926,0.125
2025-10-26,facebook_ads,117.14,31370,592,17,1,82.98,0.1978716216216216,6.890588235294118,117.14,0.7083831312958853,0.018871533312081606,0.028716216216216218,0.058823529411764705
2025-10-26,google_ads,169.15,31655,759,33,2,209.04,0.22285902503293809,5.125757575757576,84.575,1.2358261897723912,0.023977254778076135,0.043478260869565216,0.06060606060606061
2025-10-26,organic,30.8,2488,119,7,1,104.19,0.25882352941176473,4.4,30.8,3.3827922077922077,0.04782958199356913,0.058823529411764705,0.14285714285714285
2025-10-27,facebook_ads,158.04,38357,793,19,2,184.32,0.1992938209331652,8.317894736842105,79.02,1.1662870159453302,0.020674192455092943,0.02395964691046658,0.10526315789473684
2025-10-27,google_ads,170.12,18044,578,34,4,371.54,0.2943252595155709,5.003529411764706,42.53,2.1839877733364683,0.032032808689869206,0.058823529411764705,0.11764705882352941
2025-10-27,organic,0.0,4572,125,8,1,77.0,0.0,0.0,0.0,,0.027340332458442695,0.064,0.125
2025-10-28,facebook_ads,167.33,29845,664,27,2,202.97,0.2520030120481928,6.1974074074074075,83.665,1.2129922906830812,0.02224828279443793,0.04066265060240964,0.07407407407407407
2025-10-28,google_ads,163.55,30884,892,49,5,468.9,0.18335201793721975,3.3377551020408167,32.71,2.867013145826964,0.028882269136122265,0.05493273542600897,0.10204081632653061
2025-10-28,organic,15.36,2439,109,6,0,0.0,0.14091743119266054,2.56,,0.0,0.04469044690446904,0.05504587155963303,0.0
2025-10-29,facebook_ads,107.82,32185,497,17,1,88.92,0.21694164989939638,6.34235294117647,107.82,0.8247078464106845,0.015441976075811714,0.03420523138832998,0.058823529411764705
2025-10-29,google_ads,139.16,40416,674,16,2,248.7,0.20646884272997032,8.6975,69.58,1.787151480310434,0.016676563737133807,0.02373887240356083,0.125
2025-10-29,organic,37.25,2784,216,16,2,171.17,0.1724537037037037,2.328125,18.625,4.595167785234899,0.07758620689655173,0.07407407407407407,0.125
2025-10-30,facebook_ads,125.03,31333,540,28,3,314.2,0.23153703703703704,4.465357142857143,41.67666666666667,2.51299688074862,0.01723422589602017,0.05185185185185185,0.10714285714285714
2025-10-30,google_ads,154.57,36794,799,28,4,494.89,0.19345431789737172,5.520357142857143,38.6425,3.201720903150676,0.02171549709191716,0.03504380475594493,0.14285714285714285
2025-10-30,organic,0.0,1692,111,7,1,104.94,0.0,0.0,0.0,,0.06560283687943262,0.06306306306306306,0.14285714285714285
2025-10-31,facebook_ads,122.07,22619,662,14,2,189.4,0.18439577039274924,8.719285714285714,61.035,1.5515687720160565,0.029267430036694814,0.021148036253776436,0.14285714285714285
2025-10-31,google_ads,167.82,22993,866,41,3,361.15,0.19378752886836026,4.093170731707317,55.94,2.1520081039208674,0.037663636759013616,0.04734411085450346,0.07317073170731707
2025-10-31,organic,0.0,2831,124,7,1,86.03,0.0,0.0,0.0,,0.04380077711056164,0.056451612903225805,0.14285714285714285
2025-11-01,facebook_ads,95.18,21936,579,7,0,0.0,0.16438687392055268,13.597142857142858,,0.0,0.02639496717724289,0.012089810017271158,0.0
2025-11-01,google_ads,140.19,26132,628,34,3,379.72,0.22323248407643312,4.123235294117647,46.73,2.7086097439189674,0.024031838359099954,0.054140127388535034,0.08823529411764706
2025-11-01,organic,0.0,1684,120,7,0,0.0,0.0,0.0,,,0.07125890736342043,0.058333333333333334,0.0
2025-11-02,facebook_ads,153.83,36933,597,18,1,89.44,0.2576716917922948,8.546111111111111,153.83,0.581421049210167,0.016164405815936967,0.03015075376884422,0.05555555555555555
2025-11-02,google_ads,150.13,104554,944,40,5,520.74,0.15903601694915254,3.75325,30.026,3.4685938852994074,0.009028827208906402,0.0423728813559322,0.125
2025-11-02,organic,14.72,415,26,1,0,0.0,0.5661538461538462,14.72,,0.0,0.06265060240963856,0.038461538461538464,0.0
2025-11-03,facebook_ads,107.16,40346,642,7,0,0.0,0.1669158878504673,15.308571428571428,,0.0,0.015912358102414117,0.010903426791277258,0.0
2025-11-03,google_ads,149.48,35028,904,39,5,499.58,0.16535398230088494,3.8328205128205126,29.895999999999997,3.342119347069842,0.02580792508850063,0.04314159292035398,0.1282051282051282
2025-11-03,organic,0.0,868,56,3,0,0.0,0.0,0.0,,,0.06451612903225806,0.05357142857142857,0.0
2025-11-04,facebook_ads,113.22,14362,370,16,1,94.85,0.306,7.07625,113.22,0.8377495142201025,0.025762428631109873,0.043243243243243246,0.0625
2025-11-04,google_ads,144.01,28663,757,20,2,244.66,0.19023778071334213,7.2005,72.005,1.6989097979306993,0.026410354812824895,0.026420079260237782,0.1
2025-11-04,organic,0.0,1134,76,3,0,0.0,0.0,0.0,,,0.06701940035273368,0.039473684210526314,0.0
2025-11-05,facebook_ads,114.01,11093,386,7,0,0.0,0.29536269430051815,16.287142857142857,,0.0,0.034796718651401784,0.018134715025906734,0.0
2025-11-05,google_ads,184.98,39914,990,48,4,474.29,0.18684848484848485,3.85375,46.245,2.5640069196669915,0.024803327153379767,0.048484848484848485,0.08333333333333333
2025-11-05,organic,0.0,612,47,2,0,0.0,0.0,0.0,,,0.07679738562091504,0.0425531914893617,0.0
2025-11-06,facebook_ads,48.46,5055,184,6,0,0.0,0.2633695652173913,8.076666666666666,,0.0,0.03639960435212661,0.03260869565217391,0.0
2025-11-06,google_ads,146.46,57191,705,39,3,335.27,0.20774468085106385,3.7553846153846155,48.82,2.289157449132869,0.01232711440611285,0.05531914893617021,0.07692307692307693
2025-11-06,organic,32.25,2238,137,7,0,0.0,0.2354014598540146,4.607142857142857,,0.0,0.0612153708668454,0.051094890510948905,0.0
2025-11-07,facebook_ads,166.03,14256,565,26,2,179.49,0.293858407079646,6.385769230769231,83.015,1.081069686201289,0.0396324354657688,0.04601769911504425,0.07692307692307693
2025-11-07,google_ads,139.93,17975,718,42,4,465.9,0.19488857938718665,3.331666666666667,34.9825,3.329521903809047,0.039944367176634216,0.0584958217270195,0.09523809523809523
2025-11-07,organic,0.0,1611,64,4,0,0.0,0.0,0.0,,,0.03972687771570453,0.0625,0.0
2025-11-08,facebook_ads,115.83,66391,616,16,1,91.14,0.18803571428571428,7.239375,115.83,0.7868427868427869,0.009278366043590246,0.025974025974025976,0.0625
2025-11-08,google_ads,176.98,48634,837,43,5,515.28,0.21144563918757467,4.115813953488372,35.396,2.9115154254718045,0.017210182177077763,0.05137395459976105,0.11627906976744186
2025-11-08,organic,0.0,2358,113,6,0,0.0,0.0,0.0,,,0.04792196776929601,0.05309734513274336,0.0
2025-11-09,facebook_ads,163.82,22876,788,28,2,176.72,0.2078934010152284,5.850714285714285,81.91,1.0787449639848614,0.03444658157020458,0.03553299492385787,0.07142857142857142
2025-11-09,google_ads,139.31,19257,639,31,3,375.14,0.21801251956181533,4.493870967741936,46.43666666666667,2.6928432991170768,0.0331827387443527,0.048513302034428794,0.0967741935483871
2025-11-09,organic,0.0,2886,98,6,0,0.0,0.0,0.0,,,0.03395703395703396,0.061224489795918366,0.0
2025-11-10,facebook_ads,118.59,28685,524,15,1,84.84,0.22631679389312978,7.906000000000001,118.59,0.7154060207437389,0.018267387136133868,0.02862595419847328,0.06666666666666667
2025-11-10,google_ads,177.51,43740,930,39,5,517.82,0.1908709677419355,4.5515384615384615,35.501999999999995,2.9171314292152557,0.021262002743484224,0.041935483870967745,0.1282051282051282
2025-11-10,organic,0.0,1165,52,2,0,0.0,0.0,0.0,,,0.04463519313304721,0.038461538461538464,0.0
2025-11-11,facebook_ads,163.15,48043,768,18,1,86.36,0.21243489583333333,9.06388888888889,163.15,0.529328838492185,0.01598567949545199,0.0234375,0.05555555555555555
2025-11-11,google_ads,139.49,50987,672,20,2,235.06,0.20757440476190478,6.974500000000001,69.745,1.6851387196214782,0.013179830152784042,0.02976190476190476,0.1
2025-11-11,organic,21.08,1268,97,4,0,0.0,0.21731958762886597,5.27,,0.0,0.07649842271293375,0.041237113402061855,0.0
2025-11-12,facebook_ads,166.05,19482,771,16,1,99.7,0.21536964980544748,10.378125,166.05,0.6004215597711532,0.03957499230058516,0.020752269779507133,0.0625
2025-11-12,google_ads,125.11,14920,564,26,3,332.26,0.22182624113475177,4.811923076923077,41.70333333333333,2.6557429462073374,0.03780160857908847,0.04609929078014184,0.11538461538461539
2025-11-12,organic,0.0,5798,136,9,1,84.55,0.0,0.0,0.0,,0.023456364263539153,0.0661764705882353,0.1111111111111111
2025-11-13,facebook_ads,105.81,23982,542,15,1,103.68,0.19522140221402215,7.054,105.81,0.9798695775446555,0.02260028354599283,0.027675276752767528,0.06666666666666667
2025-11-13,google_ads,156.08,107410,885,40,4,404.41,0.17636158192090398,3.902,39.02,2.59104305484367,0.008239456288986128,0.04519774011299435,0.1
2025-11-13,organic,0.0,1953,108,9,1,82.43,0.0,0.0,0.0,,0.055299539170506916,0.08333333333333333,0.1111111111111111
2025-11-14,facebook_ads,132.75,22291,654,7,0,0.0,0.2029816513761468,18.964285714285715,,0.0,0.029339195190884213,0.010703363914373088,0.0
2025-11-14,google_ads,102.62,17990,272,10,1,113.96,0.3772794117647059,10.262,102.62,1.1105047748976806,0.015119510839355197,0.03676470588235294,0.1
2025-11-14,organic,7.64,813,63,3,0,0.0,0.12126984126984126,2.5466666666666664,,0.0,0.07749077490774908,0.047619047619047616,0.0
2025-11-15,facebook_ads,123.54,37358,701,23,2,166.74,0.1762339514978602,5.371304347826087,61.77,1.3496843127731908,0.01876438781519353,0.03281027104136947,0.08695652173913043
2025-11-15,google_ads,133.44,33212,539,19,2,208.79,0.247569573283859,7.023157894736842,66.72,1.5646732613908874,0.0162290738287366,0.03525046382189239,0.10526315789473684
2025-11-15,organic,0.0,1204,58,3,0,0.0,0.0,0.0,,,0.04817275747508306,0.05172413793103448,0.0
2025-11-16,facebook_ads,120.5,22460,690,33,3,202.95,0.1746376811594203,3.6515151515151514,40.166666666666664,1.6842323651452282,0.030721282279608193,0.04782608695652174,0.09090909090909091
2025-11-16,google_ads,158.93,64998,658,22,3,308.34,0.24153495440729483,7.22409090909091,52.97666666666667,1.9400994148367203,0.010123388411951137,0.03343465045592705,0.13636363636363635
2025-11-16,organic,5.61,28,2,0,0,0.0,2.805,,,0.0,0.07142857142857142,0.0,
2025-11-17,facebook_ads,86.24,10499,413,17,2,164.9,0.20881355932203388,5.072941176470588,43.12,1.9121057513914659,0.039337079721878276,0.04116222760290557,0.11764705882352941
2025-11-17,google_ads,81.51,15069,494,18,2,245.3,0.165,4.528333333333333,40.755,3.0094466936572197,0.032782533678412634,0.03643724696356275,0.1111111111111111
2025-11-17,organic,0.61,0,0,0,0,0.0,,,,0.0,,,
2025-11-18,facebook_ads,149.23,37783,586,15,0,0.0,0.2546587030716723,9.948666666666666,,0.0,0.01550962072889924,0.025597269624573378,0.0
2025-11-18,google_ads,124.55,32523,538,34,3,329.18,0.23150557620817844,3.663235294117647,41.516666666666666,2.6429546366920915,0.016542139409033606,0.06319702602230483,0.08823529411764706
2025-11-18,organic,7.61,828,28,2,0,0.0,0.2717857142857143,3.805,,0.0,0.033816425120772944,0.07142857142857142,0.0
2025-11-19,facebook_ads,119.19,23274,469,11,1,93.18,0.254136460554371,10.835454545454546,119.19,0.7817769947143217,0.02015124172896795,0.023454157782515993,0.09090909090909091
2025-11-19,google_ads,130.39,40168,641,28,4,432.18,0.20341653666146645,4.656785714285713,32.5975,3.3145179845080146,0.015957976498705437,0.0436817472698908,0.14285714285714285
2025-11-19,organic,6.48,481,14,1,0,0.0,0.4628571428571429,6.48,,0.0,0.029106029106029108,0.07142857142857142,0.0
2025-11-20,facebook_ads,136.02,27848,556,13,1,77.9,0.2446402877697842,10.463076923076924,136.02,0.5727098956035878,0.019965527147371445,0.023381294964028777,0.07692307692307693
2025-11-20,google_ads,208.28,24428,949,49,7,661.65,0.21947312961011592,4.250612244897959,29.754285714285714,3.1767332437103897,0.038848861961683315,0.051633298208640675,0.14285714285714285
2025-11-20,organic,0.0,1288,73,5,0,0.0,0.0,0.0,,,0.056677018633540376,0.0684931506849315,0.0
2025-11-21,facebook_ads,178.99,27943,904,36,3,251.07,0.19799778761061948,4.9719444444444445,59.663333333333334,1.4027040616794233,0.03235157284471961,0.03982300884955752,0.08333333333333333
2025-11-21,google_ads,176.43,24211,941,56,7,716.65,0.1874920297555792,3.150535714285714,25.204285714285714,4.061950915377203,0.03886663087026558,0.05951115834218916,0.125
2025-11-21,organic,0.0,2152,65,4,0,0.0,0.0,0.0,,,0.03020446096654275,0.06153846153846154,0.0
2025-11-22,facebook_ads,126.82,35953,669,22,2,189.74,0.18956651718983555,5.764545454545455,63.41,1.4961362561110236,0.01860762662364754,0.03288490284005979,0.09090909090909091
2025-11-22,google_ads,153.48,20719,601,34,3,303.31,0.2553743760399334,4.514117647058823,51.16,1.976218399791504,0.02900719146676963,0.056572379367720464,0.08823529411764706
2025-11-22,organic,0.0,1842,67,4,0,0.0,0.0,0.0,,,0.03637350705754615,0.05970149253731343,0.0
2025-11-23,facebook_ads,155.59,22932,581,16,1,78.62,0.2677969018932874,9.724375,155.59,0.5053023973263063,0.025335775335775336,0.027538726333907058,0.0625
2025-11-23,google_ads,138.96,82349,772,43,5,673.59,0.18000000000000002,3.2316279069767444,27.792,4.847366148531951,0.009374734362287338,0.05569948186528497,0.11627906976744186
2025-11-23,organic,4.26,602,23,1,0,0.0,0.1852173913043478,4.26,,0.0,0.03820598006644518,0.043478260869565216,0.0
2025-11-24,facebook_ads,141.48,21381,658,28,2,179.82,0.21501519756838905,5.0528571428571425,70.74,1.2709923664122138,0.030774987138113278,0.0425531914893617,0.07142857142857142
2025-11-24,google_ads,106.87,36542,510,17,2,209.55,0.20954901960784314,6.286470588235295,53.435,1.960793487414616,0.0139565431558207,0.03333333333333333,0.11764705882352941
2025-11-24,organic,0.0,899,71,3,0,0.0,0.0,0.0,,,0.07897664071190211,0.04225352112676056,0.0
2025-11-25,facebook_ads,150.95,58857,826,39,3,309.85,0.18274818401937046,3.87051282051282,50.31666666666666,2.052666445842995,0.014034014645666615,0.04721549636803874,0.07692307692307693
2025-11-25,google_ads,133.59,24514,728,28,3,361.58,0.18350274725274726,4.771071428571429,44.53,2.706639718541807,0.029697315819531698,0.038461538461538464,0.10714285714285714
2025-11-25,organic,0.0,1180,90,5,0,0.0,0.0,0.0,,,0.07627118644067797,0.05555555555555555,0.0
2025-11-26,facebook_ads,125.88,14866,530,17,1,83.33,0.23750943396226415,7.404705882352941,125.88,0.6619796631712742,0.03565182295170187,0.03207547169811321,0.058823529411764705
2025-11-26,google_ads,146.17,23075,663,31,4,461.84,0.2204675716440422,4.71516129032258,36.5425,3.1596086748306766,0.02873239436619718,0.04675716440422323,0.12903225806451613
2025-11-26,organic,6.07,437,33,1,0,0.0,0.18393939393939396,6.07,,0.0,0.07551487414187644,0.030303030303030304,0.0
2025-11-27,facebook_ads,103.26,29295,337,6,0,0.0,0.30640949554896146,17.21,,0.0,0.011503669568185697,0.017804154302670624,0.0
2025-11-27,google_ads,163.44,25209,805,29,3,337.66,0.20303105590062112,5.635862068965517,54.48,2.065956926089085,0.03193303978737752,0.03602484472049689,0.10344827586206896
2025-11-27,organic,0.0,975,67,3,0,0.0,0.0,0.0,,,0.06871794871794872,0.04477611940298507,0.0
2025-11-28,facebook_ads,126.76,23487,675,16,1,116.72,0.1877925925925926,7.9225,126.76,0.9207952035342379,0.028739302592923746,0.023703703703703703,0.0625
2025-11-28,google_ads,143.41,41579,509,25,3,350.3,0.2817485265225933,5.7364,47.803333333333335,2.4426469562791997,0.012241756656004233,0.04911591355599214,0.12
2025-11-28,organic,0.0,2398,129,6,0,0.0,0.0,0.0,,,0.05379482902418682,0.046511627906976744,0.0
2025-11-29,facebook_ads,146.61,18759,678,25,1,98.63,0.21623893805309735,5.864400000000001,146.61,0.672737193915831,0.03614265152726691,0.03687315634218289,0.04
2025-11-29,google_ads,154.43,22058,744,22,2,231.3,0.20756720430107528,7.0195454545454545,77.215,1.497765978113061,0.03372925922567776,0.02956989247311828,0.09090909090909091
2025-11-29,organic,17.25,987,24,1,0,0.0,0.71875,17.25,,0.0,0.0243161094224924,0.041666666666666664,0.0
2025-11-30,facebook_ads,99.45,39244,490,19,1,87.94,0.2029591836734694,5.234210526315789,99.45,0.8842634489693313,0.012485985118744266,0.03877551020408163,0.05263157894736842
2025-11-30,google_ads,175.62,38345,900,37,5,571.45,0.19513333333333333,4.746486486486487,35.124,3.253900466917208,0.023471117485982528,0.04111111111111111,0.13513513513513514
2025-11-30,organic,0.0,1176,43,3,0,0.0,0.0,0.0,,,0.036564625850340135,0.06976744186046512,0.0
2025-12-01,facebook_ads,118.46,22773,498,17,1,102.08,0.23787148594377508,6.968235294117647,118.46,0.8617254769542462,0.02186800158081939,0.03413654618473896,0.058823529411764705
2025-12-01,google_ads,205.85,31924,1028,29,2,225.1,0.20024319066147858,7.098275862068966,102.925,1.0935146951663832,0.03220147851146473,0.02821011673151751,0.06896551724137931
2025-12-01,organic,0.0,2008,71,4,0,0.0,0.0,0.0,,,0.035358565737051796,0.056338028169014086,0.0
2025-12-02,facebook_ads,157.75,16192,615,21,2,194.83,0.25650406504065043,7.511904761904762,78.875,1.2350554675118859,0.037981719367588936,0.03414634146341464,0.09523809523809523
2025-12-02,google_ads,172.73,90055,967,46,5,574.26,0.17862461220268872,3.755,34.546,3.324610664042147,0.010737882405196825,0.047569803516028956,0.10869565217391304
2025-12-02,organic,8.42,0,0,0,0,0.0,,,,0.0,,,
2025-12-03,facebook_ads,84.87,54534,482,11,1,81.23,0.17607883817427386,7.715454545454546,84.87,0.9571108754565807,0.00883852275644552,0.022821576763485476,0.09090909090909091
2025-12-03,google_ads,141.56,30975,764,46,5,569.76,0.18528795811518325,3.077391304347826,28.312,4.02486578129415,0.02466505246166263,0.060209424083769635,0.10869565217391304
2025-12-03,organic,0.0,1492,90,4,0,0.0,0.0,0.0,,,0.06032171581769437,0.044444444444444446,0.0
2025-12-04,facebook_ads,115.56,36475,337,13,0,0.0,0.3429080118694362,8.88923076923077,,0.0,0.009239204934886908,0.03857566765578635,0.0
2025-12-04,google_ads,140.01,23446,688,39,4,480.36,0.20350290697674417,3.59,35.0025,3.430897793014785,0.029344024567090336,0.056686046511627904,0.10256410256410256
2025-12-04,organic,0.0,1783,71,3,0,0.0,0.0,0.0,,,0.039820527201346045,0.04225352112676056,0.0
2025-12-05,facebook_ads,107.63,16767,593,20,1,85.59,0.1815008431703204,5.3815,107.63,0.7952243798197529,0.03536709011749269,0.03372681281618887,0.05
2025-12-05,google_ads,153.79,25222,972,53,9,1036.44,0.1582201646090535,2.901698113207547,17.087777777777777,6.739319851745888,0.03853778447387202,0.05452674897119342,0.16981132075471697
2025-12-05,organic,12.12,151,8,0,0,0.0,1.515,,,0.0,0.052980132450331126,0.0,
2025-12-06,facebook_ads,123.46,76568,682,15,1,97.74,0.18102639296187684,8.230666666666666,123.46,0.7916734164911712,0.008907115243966148,0.021994134897360705,0.06666666666666667
2025-12-06,google_ads,109.84,56946,581,31,3,347.56,0.18905335628227196,3.543225806451613,36.61333333333334,3.1642388929351783,0.010202648122782987,0.05335628227194492,0.0967741935483871
2025-12-06,organic,1.6,0,0,0,0,0.0,,,,0.0,,,
2025-12-07,facebook_ads,121.41,32415,570,10,0,0.0,0.213,12.141,,0.0,0.017584451642757983,0.017543859649122806,0.0
2025-12-07,google_ads,169.1,51813,982,41,5,558.88,0.17219959266802443,4.124390243902439,33.82,3.3050266114725018,0.01895277247022948,0.04175152749490835,0.12195121951219512
2025-12-07,organic,13.48,689,52,3,0,0.0,0.25923076923076926,4.493333333333333,,0.0,0.07547169811320754,0.057692307692307696,0.0
2025-12-08,facebook_ads,52.4,10237,266,5,0,0.0,0.19699248120300752,10.48,,0.0,0.025984175051284555,0.018796992481203006,0.0
2025-12-08,google_ads,93.52,37767,351,11,1,107.17,0.26643874643874643,8.501818181818182,93.52,1.1459580838323353,0.009293827945031377,0.03133903133903134,0.09090909090909091
2025-12-08,organic,7.58,432,30,1,0,0.0,0.25266666666666665,7.58,,0.0,0.06944444444444445,0.03333333333333333,0.0
2025-12-09,facebook_ads,104.79,16183,615,16,1,93.25,0.17039024390243904,6.549375,104.79,0.8898749880713808,0.0380028424890317,0.026016260162601626,0.0625
2025-12-09,google_ads,196.96,62418,1075,48,5,472.54,0.1832186046511628,4.1033333333333335,39.392,2.3991673436230707,0.017222596046012367,0.044651162790697675,0.10416666666666667
2025-12-09,organic,0.0,910,71,3,0,0.0,0.0,0.0,,,0.07802197802197802,0.04225352112676056,0.0
2025-12-10,facebook_ads,135.03,18807,648,16,1,98.25,0.20837962962962964,8.439375,135.03,0.7276160853143746,0.03445525602169405,0.024691358024691357,0.0625
2025-12-10,google_ads,132.17,24408,635,33,5,574.67,0.20814173228346455,4.005151515151515,26.433999999999997,4.347960959370508,0.026016060308095706,0.05196850393700787,0.15151515151515152
2025-12-10,organic,0.0,2208,125,7,0,0.0,0.0,0.0,,,0.05661231884057971,0.056,0.0
2025-12-11,facebook_ads,121.64,27389,582,24,2,177.69,0.20900343642611685,5.068333333333333,60.82,1.4607859256823412,0.02124940669611888,0.041237113402061855,0.08333333333333333
2025-12-11,google_ads,176.61,28922,981,47,6,772.63,0.18003058103975536,3.7576595744680854,29.435000000000002,4.374780590000566,0.03391881612613236,0.047910295616717634,0.1276595744680851
2025-12-11,organic,19.81,2315,174,10,1,100.26,0.11385057471264368,1.9809999999999999,19.81,5.06108026249369,0.07516198704103672,0.05747126436781609,0.1
2025-12-12,facebook_ads,103.72,15370,550,27,2,181.28,0.18858181818181818,3.8414814814814813,51.86,1.7477824913227922,0.035783994795055306,0.04909090909090909,0.07407407407407407
2025-12-12,google_ads,140.66,14854,517,28,3,328.87,0.2720696324951644,5.023571428571429,46.88666666666666,2.338049196644391,0.034805439612225667,0.05415860735009671,0.10714285714285714
2025-12-12,organic,0.0,898,56,3,0,0.0,0.0,0.0,,,0.062360801781737196,0.05357142857142857,0.0
2025-12-13,facebook_ads,125.91,20738,527,16,1,76.85,0.23891840607210627,7.869375,125.91,0.6103566039234374,0.025412286623589547,0.030360531309297913,0.0625
2025-12-13,google_ads,115.47,53591,625,16,2,238.73,0.184752,7.216875,57.735,2.0674634104096303,0.011662406001007632,0.0256,0.125
2025-12-13,organic,0.0,2423,91,5,0,0.0,0.0,0.0,,,0.03755674783326455,0.054945054945054944,0.0
2025-12-14,facebook_ads,66.56,15087,364,9,1,99.75,0.18285714285714286,7.395555555555556,66.56,1.4986478365384615,0.024126731623251806,0.024725274725274724,0.1111111111111111
2025-12-14,google_ads,182.75,30928,1076,51,6,645.76,0.16984200743494424,3.5833333333333335,30.458333333333332,3.5335704514363884,0.03479048111743404,0.047397769516728624,0.11764705882352941
2025-12-14,organic,0.0,2135,84,5,0,0.0,0.0,0.0,,,0.03934426229508197,0.05952380952380952,0.0
2025-12-15,facebook_ads,145.09,15744,525,14,1,96.36,0.27636190476190475,10.36357142857143,145.09,0.6641394996209249,0.033346036585365856,0.02666666666666667,0.07142857142857142
2025-12-15,google_ads,120.24,18336,604,29,3,298.9,0.1990728476821192,4.146206896551724,40.08,2.485861610113107,0.03294066317626527,0.048013245033112585,0.10344827586206896
2025-12-15,organic,12.77,275,22,1,0,0.0,0.5804545454545454,12.77,,0.0,0.08,0.045454545454545456,0.0
2025-12-16,facebook_ads,118.5,15525,589,17,1,74.14,0.20118845500848898,6.970588235294118,118.5,0.6256540084388186,0.03793880837359098,0.028862478777589132,0.058823529411764705
2025-12-16,google_ads,126.99,28733,531,15,1,125.61,0.23915254237288133,8.466,126.99,0.9891330025986298,0.018480492813141684,0.02824858757062147,0.06666666666666667
2025-12-16,organic,0.0,2568,76,4,0,0.0,0.0,0.0,,,0.029595015576323987,0.05263157894736842,0.0
2025-12-17,facebook_ads,111.63,16434,483,16,1,94.05,0.23111801242236024,6.976875,111.63,0.8425154528352593,0.029390288426433004,0.033126293995859216,0.0625
2025-12-17,google_ads,143.34,16278,633,23,3,307.72,0.22644549763033175,6.232173913043479,47.78,2.1467838705176505,0.0388868411352746,0.036334913112164295,0.13043478260869565
2025-12-17,organic,0.0,3697,122,8,1,92.88,0.0,0.0,0.0,,0.03299972951041385,0.06557377049180328,0.125
2025-12-18,facebook_ads,130.24,71238,688,21,1,88.3,0.18930232558139537,6.201904761904762,130.24,0.6779791154791154,0.009657766922148292,0.030523255813953487,0.047619047619047616
2025-12-18,google_ads,184.53,72659,1070,53,7,820.8,0.17245794392523364,3.481698113207547,26.361428571428572,4.448057226467241,0.014726324336971332,0.04953271028037383,0.1320754716981132
2025-12-18,organic,19.62,3114,73,2,0,0.0,0.2687671232876713,9.81,,0.0,0.023442517662170842,0.0273972602739726,0.0
2025-12-19,facebook_ads,133.94,38959,575,17,1,93.09,0.2329391304347826,7.878823529411765,133.94,0.6950126922502613,0.014759105726533021,0.029565217391304348,0.058823529411764705
2025-12-19,google_ads,200.81,53337,1017,40,4,493.89,0.19745329400196657,5.02025,50.2025,2.4594890692694586,0.019067439113560944,0.03933136676499508,0.1
2025-12-19,organic,45.02,2691,173,9,1,77.25,0.2602312138728324,5.002222222222223,45.02,1.715904042647712,0.06428836863619472,0.05202312138728324,0.1111111111111111
2025-12-20,facebook_ads,154.9,17544,675,30,3,294.18,0.22948148148148148,5.163333333333333,51.63333333333333,1.899160748870239,0.03847469220246238,0.044444444444444446,0.1
2025-12-20,google_ads,108.81,13629,437,22,2,208.41,0.24899313501144166,4.945909090909091,54.405,1.9153570443893024,0.03206398121652359,0.05034324942791762,0.09090909090909091
2025-12-20,organic,0.0,1136,83,3,0,0.0,0.0,0.0,,,0.07306338028169014,0.03614457831325301,0.0
2025-12-21,facebook_ads,102.47,13144,387,9,0,0.0,0.26478036175710595,11.385555555555555,,0.0,0.029443091905051736,0.023255813953488372,0.0
2025-12-21,google_ads,148.4,25205,889,50,6,703.61,0.16692913385826771,2.968,24.733333333333334,4.7413072776280325,0.03527077960722079,0.0562429696287964,0.12
2025-12-21,organic,29.77,2632,134,6,0,0.0,0.2221641791044776,4.961666666666667,,0.0,0.050911854103343465,0.04477611940298507,0.0
2025-12-22,facebook_ads,125.93,22176,681,19,1,87.26,0.18491923641703378,6.627894736842106,125.93,0.69292464067339,0.03070887445887446,0.027900146842878122,0.05263157894736842
2025-12-22,google_ads,113.07,13852,543,24,3,337.7,0.20823204419889502,4.71125,37.69,2.9866454408773326,0.039200115506786024,0.04419889502762431,0.125
2025-12-22,organic,21.33,1540,110,6,1,85.93,0.1939090909090909,3.5549999999999997,21.33,4.028598218471637,0.07142857142857142,0.05454545454545454,0.16666666666666666
